o:is_public,o:owner,dcterms:resource_class,dcterms:isFormatOf,dcterms:number,o:resource_template,o:item_set,dcterms:title,dcterms:description,dcterms:issued,dcterms:language,dcterms:coverage,dcterms:type,dcterms:isPartOf,dcterms:identifier,media:link,dcterms:references,
o:is_public,shirmdesign@gmail.com,Physical Object,,,Stamp,15;14,Ante el Mundo,"Peru Air Post Stamp, Deep Blue & Black",1967,Spanish,Peru,Mint,05/02,05/02/01,5.2.1.jpg,,
o:is_public,shirmdesign@gmail.com,Physical Object,,,Stamp,15;14,Astrofisico de Tonanzintla,"NEBULOSA PLANETARIA EN LIRA. series of six. Mexico issued sets of three regular-postage stamps and three airmail stamps. The occasion was the 1942 Astrophysics Congress and the dedication of Mexico's first modern astronomical observatory, at Tonantzintla, southwest of Mexico City. ",1967,Spanish,Mexico,Mint,05/02,05/02/02,5.2.2.jpg,,
o:is_public,shirmdesign@gmail.com,Physical Object,,,Stamp,15;14,Astrofisico de Tonanzintla,"GALAXIA ESPIRAL EN LOS PERROS DE GAZA. series of six. Mexico issued sets of three regular-postage stamps and three airmail stamps. The occasion was the 1942 Astrophysics Congress and the dedication of Mexico's first modern astronomical observatory, at Tonantzintla, southwest of Mexico City. ",1967,Spanish,Mexico,Mint,05/02,05/02/03,5.2.3.jpg,,
o:is_public,shirmdesign@gmail.com,Physical Object,,,Stamp,15;14,Astrofisico de Tonanzintla,"GALAXIA ESPIRAL NGC 4594. series of six. Mexico issued sets of three regular-postage stamps and three airmail stamps. The occasion was the 1942 Astrophysics Congress and the dedication of Mexico's first modern astronomical observatory, at Tonantzintla, southwest of Mexico City. ",1967,Spanish,Mexico,Mint,05/02,05/02/04,5.2.4.jpg,,
o:is_public,shirmdesign@gmail.com,Physical Object,,,Stamp,15;14,Astrofisico de Tonanzintla,"ECLIPSE TOTAL DE SOL. series of six. Mexico issued sets of three regular-postage stamps and three airmail stamps. The occasion was the 1942 Astrophysics Congress and the dedication of Mexico's first modern astronomical observatory, at Tonantzintla, southwest of Mexico City. ",1967,Spanish,Mexico,Mint,05/02,05/02/05,5.2.5.jpg,,
o:is_public,shirmdesign@gmail.com,Physical Object,,,Stamp,15;14,Astrofisico de Tonanzintla,"NUBE NEGRA EN ORION. series of six. Mexico issued sets of three regular-postage stamps and three airmail stamps. The occasion was the 1942 Astrophysics Congress and the dedication of Mexico's first modern astronomical observatory, at Tonantzintla, southwest of Mexico City. ",1967,Spanish,Mexico,Mint,05/02,05/02/06,5.2.6.jpg,,
o:is_public,shirmdesign@gmail.com,Physical Object,,,Stamp,15;14,E LA LUCE FU,Art inspired by the creation of light,1974,Italian,Vatican,Mint;Used,05/03,05/03/01,5.3.1.jpg;5.3.4.jpg,Rome,
o:is_public,shirmdesign@gmail.com,Physical Object,,,Souvenir Sheet,17:14,E LA LUCE FU,Art inspired by the creation of light,1974,Italian,Vatican,Used,05/03,05/03/02,5.3.3.jpg,Rome,
o:is_public,shirmdesign@gmail.com,Physical Object,05/03/01,4,Stamp Block,16;14,E LA LUCE FU,Art inspired by the creation of light,1974,Italian,Vatican,Mint,05/03,05/03/03,5.3.2.jpg,Rome,
o:is_public,shirmdesign@gmail.com,Physical Object,,,Stamp,15;14,"Happy Holidays - ""LIGHT""",Creation of the world by Genesis book - day one. series of six.,1965,Hebrew;English;French;Arabic,Israel,Mint;Used,05/07;05/25,05/07/01,5.7.1.jpg;5.7.3.jpg,,
o:is_public,shirmdesign@gmail.com,Physical Object,05/07/01,4,Stamp Block,16;14,"Happy Holidays - ""LIGHT""",Creation of the world by Genesis book - day one. series of six.,1965,Hebrew;English;French;Arabic,Israel,Mint,05/07,05/07/02,5.7.2.jpg,,
o:is_public,shirmdesign@gmail.com,Physical Object,,,Stamp,15;14,"Happy Holidays - ""FIRMAMENT""",Creation of the world by Genesis book - day two. series of six.,1965,Hebrew;English;French;Arabic,Israel,Mint;Used,05/08;05/25,05/08/01,5.8.1.jpg;5.8.3.jpg,,
o:is_public,shirmdesign@gmail.com,Physical Object,05/08/01,4,Stamp Block,16;14,"Happy Holidays - ""FIRMAMENT""",Creation of the world by Genesis book - day two. series of six.,1965,Hebrew;English;French;Arabic,Israel,Mint,05/08,05/08/02,5.8.2.jpg,,
o:is_public,shirmdesign@gmail.com,Physical Object,,4,Stamp Block,16;14,Palau - Day one,Art inspired by the first day of creation.,1992,English,Palau,Mint,05/16,05/16/01,5.16.1.jpg,,
o:is_public,shirmdesign@gmail.com,Physical Object,,4,Stamp Block,16;14,Palau - Day two,Art inspired by the second day of creation. series of six Stamps Block.,1992,English,Palau,Mint,05/16,05/16/02,5.16.2.jpg,,
o:is_public,shirmdesign@gmail.com,Physical Object,,4,Stamp Block,16;14,Palau - Day three,Art inspired by the third day of creation. series of six Stamps Block.,1992,English,Palau,Mint,05/17,05/17/01,5.17.1.jpg,,
o:is_public,shirmdesign@gmail.com,Physical Object,,4,Stamp Block,16;14,Palau - Day four,Art inspired by the fourth day of creation. series of six Stamps Block.,1992,English,Palau,Mint,05/17,05/17/02,5.17.2.jpg,,
o:is_public,shirmdesign@gmail.com,Physical Object,,4,Stamp Block,16;14,Palau - Day five,Art inspired by the fifth day of creation. series of six Stamps Block.,1992,English,Palau,Mint,05/18,05/18/01,5.18.1.jpg,,
o:is_public,shirmdesign@gmail.com,Physical Object,,4,Stamp Block,16;14,Palau - Day sx,Art inspired by the sixth day of creation. series of six Stamps Block.,1992,English,Palau,Mint,05/18,05/18/02,5.18.2.jpg,,
o:is_public,shirmdesign@gmail.com,Physical Object,,,Stamp,15;14,"Happy Holidays - ""LAND""",Creation of the world by Genesis book - day three. series of six.,1965,Hebrew;English;French;Arabic,Israel,Mint;Used,05/21;05/25,05/21/01,5.21.1.jpg;5.21.3.jpg,,
o:is_public,shirmdesign@gmail.com,Physical Object,05/21/01,4,Stamp Block,16;14,"Happy Holidays - ""LAND""",Creation of the world by Genesis book - day three. series of six.,1965,Hebrew;English;French;Arabic,Israel,Mint,05/21,05/21/02,5.21.2.jpg,,
o:is_public,shirmdesign@gmail.com,Physical Object,,,Stamp,15;14,"Happy Holidays - ""SUN, MOON AND STARS""",Creation of the world by Genesis book - day four. series of six.,1965,Hebrew;English;French;Arabic,Israel,Mint;Used,05/22;05/25,05/22/01,5.22.1.jpg;5.22.3.jpg,,
o:is_public,shirmdesign@gmail.com,Physical Object,05/22/01,4,Stamp Block,16;14,"Happy Holidays - ""SUN, MOON AND STARS""",Creation of the world by Genesis book - day four. series of six.,1965,Hebrew;English;French;Arabic,Israel,Mint,05/22,05/22/02,5.22.2.jpg,,
o:is_public,shirmdesign@gmail.com,Physical Object,,,Stamp,15;14,"Happy Holidays - ""FISH AND BIRDS""",Creation of the world by Genesis book - day five. series of six.,1965,Hebrew;English;French;Arabic,Israel,Mint;Used,05/23;05/25,05/23/01,5.23.1.jpg;5.23.3.jpg,,
o:is_public,shirmdesign@gmail.com,Physical Object,05/23/01,4,Stamp Block,16;14,"Happy Holidays - ""FISH AND BIRDS""",Creation of the world by Genesis book - day five. series of six.,1965,Hebrew;English;French;Arabic,Israel,Mint,05/23,05/23/02,5.23.2.jpg,,
o:is_public,shirmdesign@gmail.com,Physical Object,,,Stamp,15;14,"Happy Holidays - ""HUMAN""",Creation of the world by Genesis book - day six. series of six.,1965,Hebrew;English;French;Arabic,Israel,Mint;Used,05/24;05/25,05/24/01,5.24.1.jpg;5.24.3.jpg,,
o:is_public,shirmdesign@gmail.com,Physical Object,05/24/01,4,Stamp Block,16;14,"Happy Holidays - ""HUMAN""",Creation of the world by Genesis book - day six. series of six.,1965,Hebrew;English;French;Arabic,Israel,Mint,05/24,05/24/02,5.24.2.jpg,,
o:is_public,shirmdesign@gmail.com,Physical Object,,,Stamp,15;14,"Protect the Nubian Monuments, 100F","Depicts the Great Temple of Ramses II, UNESCO. Set of two. ",1964,French,Republic of Upper Volta,Mint,12/01,12/01/01,12.1.1.jpg,,
o:is_public,shirmdesign@gmail.com,Physical Object,,,Stamp,15;14,"Protect the Nubian Monuments, 25F","Depicts the Great Temple of Ramses II, UNESCO. Set of two. ",1964,French,Republic of Upper Volta,Mint,12/01,12/01/02,12.1.2.jpg,,
o:is_public,shirmdesign@gmail.com,Physical Object,,,Stamp,15;14,UNESCO - Save the Monuments of Nubia,The stamp set features statues of Queen Nefertari and Rameses II. Set of two. ,1964,English,Nigeria,Mint,12/01,12/01/03,12.1.3.jpg,,
o:is_public,shirmdesign@gmail.com,Physical Object,,,Stamp,15;14,Uruguay UNESCO Salvar Monumentos de Nubia ,Uruguay UNESCO Salvar Monumentos de Nubia,1964,Spanish,Uruguay,Mint,12/01,12/01/04,12.1.4.jpg,,
o:is_public,shirmdesign@gmail.com,Physical Object,,,Stamp,15;14,SAUVEZ LES TRESORS DE NUBIE,"YUGOSLAVIA - SAVE NUBIA'S TREASURES, UNESCO.  Set of two. ",1962,French,Jugoslavia,Mint,12/01,12/01/05,12.1.5.jpg,,
o:is_public,shirmdesign@gmail.com,Physical Object,,,Stamp,15;14,Ghana Saving Nubian Monuments Rameses \,"Ghana Saving Nubian Monuments Rameses the Great at Abu Simbel , UNESCO.",1963,English,Ghana,Mint,12/01,12/01/06,12.1.6.jpg,Abu Simbel;Egypt ,
o:is_public,shirmdesign@gmail.com,Physical Object,,,Stamp,15;14,United Nations - heritage of mankind,"United Nations - heritage of mankind, UNESCO",1992,German,Vienna,Mint,12/01,12/01/07,12.1.7.jpg,Abu Simbel;Egypt ,
o:is_public,shirmdesign@gmail.com,Physical Object,,,Stamp,15;14,GHANA SAVE THE MONUMENTS OF NUBIA ,"GHANA SAVE THE MONUMENTS OF NUBIA, UNESCO",1963,English,Ghana,Mint,12/01,12/01/08,12.1.8.jpg,,
o:is_public,shirmdesign@gmail.com,Physical Object,,,Stamp,15;14,Egypt Post Day,,2000,Arabic;English,Egypt,Mint,12/02,12/02/01,12.2.1.jpg,,
o:is_public,shirmdesign@gmail.com,Physical Object,,,Souvenir Sheet,17;14,as judiarias de Portugal,JUDEOS a construir cidades. as judiarias de Portugal CTT,2010,Portuguese,Portugal,Mint;Used,12/02;12/21,12/02/02,12.2.2.jpg;12.21.5.jpg,,
o:is_public,shirmdesign@gmail.com,Physical Object,,,Stamp,15;14,SAUVEGARDE DES MONUMENTS DE NUBIE ,"SAUVEGARDE DES MONUMENTS DE NUBIE TCHAD, UNESCO. Set of three.",1964,French,Tchad,Mint,12/03,12/03/01,12.3.1.jpg,,
o:is_public,shirmdesign@gmail.com,Physical Object,,,Stamp,15;14,SAUVEGARDE DES MONUMENTS DE NUBIE ,"SAUVEGARDE DES MONUMENTS DE NUBIE TCHAD, UNESCO. Set of three.",1964,French,Tchad,Mint,12/03,12/03/02,12.3.2.jpg,,
o:is_public,shirmdesign@gmail.com,Physical Object,,,Stamp,15;14,SAUVEGARDE DES MONUMENTS DE NUBIE ,"SAUVEGARDE DES MONUMENTS DE NUBIE TCHAD, UNESCO. Set of three.",1964,French,Tchad,Mint,12/03,12/03/03,12.3.4.jpg,,
o:is_public,shirmdesign@gmail.com,Physical Object,,,Stamp,15;14,SAUVEGARDE DES MONUMENTS DE NUBIE ,"SAUVEGARDE DES MONUMENTS DE NUBIE ALGERIA, UNESCO.",1964,Arabic;English,Algeria,Mint,12/03,12/03/04,12.3.3.jpg,,
o:is_public,shirmdesign@gmail.com,Physical Object,,,Stamp,15;14,LET MY PEOPLE GO KKL,Jewish National Fund. Series of four.,1971,Hebrew;English;Spanish;French;Russian,Israel,Mint,12/04,12/04/01,12.4.8.jpg,,
o:is_public,shirmdesign@gmail.com,Physical Object,,,Stamp,15;14,LET MY PEOPLE GO KKL,Jewish National Fund. Series of four.,1971,Hebrew;English,Israel,Mint,12/04,12/04/02,12.4.9.jpg,,
o:is_public,shirmdesign@gmail.com,Physical Object,,,Stamp,15;14,LET MY PEOPLE GO KKL,Jewish National Fund. Series of four.,1971,Hebrew;English,Israel,Mint,12/04,12/04/03,12.4.10.jpg,,
o:is_public,shirmdesign@gmail.com,Physical Object,,,Stamp,15;14,LET MY PEOPLE GO KKL,Jewish National Fund. Series of four.,1971,Hebrew;English;Spanish;French;Russian,Israel,Mint,12/04,12/04/04,12.4.11.jpg,,
o:is_public,shirmdesign@gmail.com,Physical Object,,,Stamp,15;14,Western Wall KKL,"Jewish National Fund. Series of four. With ""LET MY PEOPLE GO"" STAMP",1968,Hebrew;English,Israel,Mint,12/04,12/04/05,12.4.1.jpg,,
o:is_public,shirmdesign@gmail.com,Physical Object,,,Stamp,15;14,Western Wall KKL,"Jewish National Fund. Series of four. With ""LET MY PEOPLE GO"" STAMP",1968,Hebrew;English,Israel,Mint,12/04,12/04/06,12.4.3.jpg,,
o:is_public,shirmdesign@gmail.com,Physical Object,,,Stamp,15;14,Western Wall KKL,"Jewish National Fund. Series of four. With ""LET MY PEOPLE GO"" STAMP",1968,Hebrew;English,Israel,Mint,12/04,12/04/07,12.4.4.jpg,,
o:is_public,shirmdesign@gmail.com,Physical Object,,,Stamp,15;14,Western Wall KKL,"Jewish National Fund. Series of four. With ""LET MY PEOPLE GO"" STAMP",1968,Hebrew;English,Israel,Mint,12/04,12/04/08,12.4.6.jpg,,
o:is_public,shirmdesign@gmail.com,Physical Object,,,Stamp,15;14,Western Wall KKL,"Jewish National Fund. Series of four. With ""LET MY PEOPLE GO"" STAMP",1968,Hebrew;English,Israel,Mint,12/04,12/04/09,12.4.5.jpg,,
o:is_public,shirmdesign@gmail.com,Physical Object,,,Stamp,15;14,Western Wall KKL,"Jewish National Fund. Series of four. With ""LET MY PEOPLE GO"" STAMP",1968,Hebrew;English,Israel,Mint,12/04,12/04/10,12.4.7.jpg,,
o:is_public,shirmdesign@gmail.com,Physical Object,,,Stamp,15;14,Western Wall KKL,"Jewish National Fund. Series of four. With ""LET MY PEOPLE GO"" STAMP",1968,Hebrew;English,Israel,Mint,12/04,12/04/11,12.4.2.jpg,,
o:is_public,shirmdesign@gmail.com,Physical Object,,,Stamp,15;14,"MOSES LET MY PEOPLE GO, KKL",Jewish National Fund. Series of Six. Design by Asher Kalderon,1988,English;Hebrew,Israel,Mint,12/05,12/05/01,12.5.1.jpg,,
o:is_public,shirmdesign@gmail.com,Physical Object,,,Stamp,15;14,"MOSES LET MY PEOPLE GO, KKL",Jewish National Fund. Series of Six. Design by Asher Kalderon,1988,Hebrew;English,Israel,Mint,12/05,12/05/02,12.5.2.jpg,,
o:is_public,shirmdesign@gmail.com,Physical Object,,,Stamp,15;14,Albert John Luthuli - LET MY PEOPLE GO,"BURKINA FASO, 1987,  Albert John Luthuli",1987,French,Burkina Faso,Mint,12/05,12/05/03,12.5.3.jpg,,
o:is_public,shirmdesign@gmail.com,Physical Object,,,Stamp,15;14,LET MY PEOPLE GO,"Closed door with ""let me people go"" text. Design by Moshe Pereg ",1972,Hebrew;English;Arabic;Russian,Israel,Day of appearance,12/05,12/05/04,12.5.4.jpg,,
o:is_public,shirmdesign@gmail.com,Physical Object,,,Stamp,15;14,Vatican- Save historic monuments in Nubia,INCEPTA NUBIAE MONUMENTIS TUTANDIS. Series of four.,1964,Italian,Vatican,Mint,12/06,12/06/01,12.6.1.jpg,Rome,
o:is_public,shirmdesign@gmail.com,Physical Object,,,Stamp,15;14,Vatican- Save historic monuments in Nubia,INCEPTA NUBIAE MONUMENTIS TUTANDIS.Series of four.,1964,Italian,Vatican,Mint,12/06,12/06/02,12.6.2.jpg,Rome,
o:is_public,shirmdesign@gmail.com,Physical Object,,,Stamp,15;14,Vatican- Save historic monuments in Nubia,INCEPTA NUBIAE MONUMENTIS TUTANDIS. Series of four.,1964,Italian,Vatican,Mint,12/06,12/06/03,12.6.3.jpg,Rome,
o:is_public,shirmdesign@gmail.com,Physical Object,,,Stamp,15;14,Vatican- Save historic monuments in Nubia,INCEPTA NUBIAE MONUMENTIS TUTANDIS. Series of four.,1964,Italian,Vatican,Mint,12/06,12/06/04,12.6.5.jpg,Rome,
o:is_public,shirmdesign@gmail.com,Physical Object,,,Stamp,15;14,Ramses,Ramses at Fresco of the temple of Abu Simbel in Egypt,1976,English;French,France,Day of appearance,12/06,12/06/05,12.6.4.jpg,Paris,
o:is_public,shirmdesign@gmail.com,Physical Object,,,Stamp,15;14,Inter coop in saving monuments of nubia,"UAR, UNESCO",1965,Arabic,Eygpt,Mint,12/07,120/07/01,12.7.1.jpg,,
o:is_public,shirmdesign@gmail.com,Physical Object,,,Stamp,15;14,Inter coop in saving monuments of nubia,"UAR, UNESCO",1965,Arabic,Eygpt,Mint,12/07,120/07/02,12.7.2.jpg,,
o:is_public,shirmdesign@gmail.com,Physical Object,,,Stamp,15;14,Monuments of nubia,"UAR, UNESCO",1964,Arabic;English,Eygpt,Mint,12/07,120/07/03,12.7.3.jpg,,
o:is_public,shirmdesign@gmail.com,Physical Object,,,Stamp,15;14,Happy Holidays - Let My People Go,design by A. Glazer,1981,Hebrew;English;Arabic,Israel,Mint,12/08,12/08/01,12.8.1.jpg,,
o:is_public,shirmdesign@gmail.com,Physical Object,,,Stamp,15;14,LET MY PEOPLE GO,"Closed door with ""let me people go"" text. Design by Moshe Pereg ",1972,Hebrew;English;Arabic;Russian ,Israel,Mint,12/08,12/08/02,12.8.2.jpg,,
o:is_public,shirmdesign@gmail.com,Physical Object,,,Stamp,15;14,Let My People Go,,,English,Mew York,Mint,12/08,12/08/03,12.8.3.jpg,,
o:is_public,shirmdesign@gmail.com,Physical Object,,,Stamp,15;14,LET MY PEOPLE GO KKL,Jewish National Fund. Series of four.,1971,Hebrew;English;Spanish;French;Russian,Israel,Mint,12/08,12/08/04,12.8.4.jpg,,
o:is_public,shirmdesign@gmail.com,Physical Object,12/08/02,4,Stamp Block,16;14,LET MY PEOPLE GO,"Closed door with ""let me people go"" text. Design by Moshe Pereg ",1972,Hebrew;English;Arabic;Russian,Israel,Mint,12/08,12/08/05,12.8.5.jpg,,
o:is_public,shirmdesign@gmail.com,Physical Object,,,Stamp,15;14,Labour Day 1967,"The last stamp to be issued for Gaza - June 1, 1967, Labour Day - just before the Six Day War when Israeli captured the Gaza Strip and the Sinai. Set of twom this one is the Egyptian stamp",1967,Arabic;English,,Mint,12/09,12/09/01,12.9.3.jpg,,
o:is_public,shirmdesign@gmail.com,Physical Object,,,Stamp,15;14,Labour Day 1967,"The last stamp to be issued for Gaza - June 1, 1967, Labour Day - just before the Six Day War when Israeli captured the Gaza Strip and the Sinai. Set of two. This one is Gaza equivalent with colour change and ""Palestine"". ",1967,Arabic;English,Palestine,Mint,12/09,12/09/02,12.9.2.jpg,,
o:is_public,shirmdesign@gmail.com,Physical Object,,,Stamp,15;14,Egypt Sphinx,,2004,Arabic;English,Egypt,Mint,12/09,12/09/03,12.9.1.jpg,,
o:is_public,shirmdesign@gmail.com,Physical Object,,,Stamp,15;14,Mighty Hand,,1950,Hebrew;English;Arabic,Israel,Mint,12/09,12/09/04,12.9.4.jpg,,
o:is_public,shirmdesign@gmail.com,Physical Object,,,Souvenir Sheet,17;14,Joseph forgives his brothers ,,1998,English;Hebrew,Micronesia,Mint,12/10,12/10/01,12.10.2.jpg,,
o:is_public,shirmdesign@gmail.com,Physical Object,,4,Stamp Block,16;14,Jacob Made Joseph a Coat Of Many Colors,"part of 24pcs stamps block, ""THE STORY OF JOSEPH"".",1994,English,Guyana,Mint,12/10,12/10/02,12.10.1.jpg,,
o:is_public,shirmdesign@gmail.com,Physical Object,,,Stamp,15;14,prix nobel de litterature 1929,"A stamp printed in Mauritania, shows portrait of German writer Thomas Mann (1875-1955), series ""Nobel prize winners""",1929,English;Arabic,Mauritanie,Mint,12/10,12/10/03,12.10.3.jpg,,
o:is_public,shirmdesign@gmail.com,Physical Object,,,Souvenir Sheet,17;14,Uganda Rembrandt,Rembrandt Joseph Accused by Potiphars Wife a 1655 Oil on Canvas by artist Rembrandt Van Rijn 1606-1669 a huge 5 inch Souvenir Sheet ,1655,English,Uganda,Mint,12/11,12/11/01,12.11.1.jpg,,
o:is_public,shirmdesign@gmail.com,Physical Object,,,Stamp,15;14,Micromeria Frankusa,Simple stamp desinged by Igal Gabai and Tuvia Kurtz,2006,Hebrew;English;Arabic,Israel,Mint,12/13,12/13/01,12.13.1.jpg,,
o:is_public,shirmdesign@gmail.com,Physical Object,,,Stamp,15;14,500TH Birth Anniversary of Raphael,Josef interprets the dreams to his brothers. Series of four.,1983,English;Spanish,Grenada,Mint,12/13,12/13/02,12.13.3.jpg,,
o:is_public,shirmdesign@gmail.com,Physical Object,,,Stamp,15;14,Lost Works of Art,Rembrandt van Rijan - Joseph telling dream.  Desinged by Kazimierz Bulik,2009,Polish,Poland,Mint,12/13,12/13/03,12.13.4.jpg,,
o:is_public,shirmdesign@gmail.com,Physical Object,,,Stamp,15;14,From The Door of Paradise,Lorenzo Ghiberti.  The Finding of Joseph's Cup,2005,Italian,San Marino,Mint,12/13,12/13/04,12.13.5.jpg,Florence,
o:is_public,shirmdesign@gmail.com,Physical Object,,,Stamp,15;14,Joseph telling his dreams,Rembrandt van Rijan. Series of four.,2007,English,Niue,Mint,12/13,12/13/05,12.13.6.jpg,,
o:is_public,shirmdesign@gmail.com,Physical Object,,,Stamp,15;14,Joseph,Tribes stamp - 200 mil - Joseph. Second definitive series,1956,Hebrew;English;Arabic,Israel,Mint,12/14,12/14/01,12.14.1.jpg;12.14.2.jpg,,
o:is_public,shirmdesign@gmail.com,Physical Object,,4,Stamp Block,16;14,Jacob Made Joseph a Coat Of Many Colors,"part of 24pcs stamps block, ""THE STORY OF JOSEPH"".",1994,English,Guyana,Mint,12/14,12/14/02,12.14.3.jpg,,
o:is_public,shirmdesign@gmail.com,Physical Object,,,Stamp,15;14,500TH Birth Anniversary of Raphael,Josef interprets the dreams to his brothers. Series of four.,1983,English,Grenada,Mint,12/14,12/14/03,12.14.5.jpg,,
o:is_public,shirmdesign@gmail.com,Physical Object,,,Stamp,15;14,Joseph Explains The Dreams of The Pharaoh,GRENADA GRENADINES.,1992,English;Spanish,Grenada,Mint,12/14,12/14/04,12.14.4.jpg,,
o:is_public,shirmdesign@gmail.com,Physical Object,,,Stamp,15;14,Holidays Ushpizin in Sukkah,"The Visisting Patriarchs, Sukkot. Joseph",1999,Hebrew;English;Arabic,Israel,Mint,12/14,12/14/05,12.14.6.jpg,,
o:is_public,shirmdesign@gmail.com,Physical Object,,,Souvenir Sheet,17;14,The Finding of Joseph's Cup,"Painting of the Prado Museum. Jacopo Amiconi. International Stamp Exhibition ESPANA 2000, Madrid ",,English,Sierra Leone,Mint,12/15,12/15/01,12.15.1.jpg,Spain,
o:is_public,shirmdesign@gmail.com,Physical Object,,,Souvenir Sheet,17;14,Joseph in The Paraoh's Palace,"Painting of the Prado Museum. Jacopo Amiconi. International Stamp Exhibition ESPANA 2000, Madrid ",,English,Grenada,Mint,12/15,12/15/02,12.15.2.jpg,Spain,
o:is_public,shirmdesign@gmail.com,Physical Object,,,Stamp,15;14,Memorial Day,,2010,Hebrew;English;Arabic,Israel,Used,12/16,12/16/01,12.16.1.jpg,,
o:is_public,shirmdesign@gmail.com,Physical Object,,4,Stamp Block,16;14,Joseph is Sold to The Ishmaelites,"part of 24pcs stamps block, ""THE STORY OF JOSEPH"".",1994,Hebrew;English;Arabic,Guyana,Mint,12/16,12/16/02,12.16.2.jpg,,
o:is_public,shirmdesign@gmail.com,Physical Object,,4,Stamp Block,16;14,Joseph's brothers Take His Coat And Cast Him Into a Pit,"part of 24pcs stamps block, ""THE STORY OF JOSEPH"".",1994,Hebrew;English;Arabic,Guyana,Mint,12/16,12/16/03,12.16.3.jpg,,
o:is_public,shirmdesign@gmail.com,Physical Object,,,Stamp,15;14,Bellbell Da Pavia,MUTAWAKELITE KINGDOM - UNESCO - SAVE THE MONUMENTS OF VENICE. Series of six.,1968,Hebrew;English;Arabic,Yemen,Mint,12/16,12/16/04,12.16.4.jpg,Venice,
o:is_public,shirmdesign@gmail.com,Physical Object,,3,Stamp Block,16;14,Joseph's Story,The brothers plot to sell Joseph. Joseph in his many colored coat. The Ishmaelite take Joseph.,1998,Hebrew;English;Arabic,Micronesia,Mint,12/16,12/16/05,12.16.5.jpg,,
o:is_public,shirmdesign@gmail.com,Physical Object,,,Stamp,15;14,CATHEDRALE AMIENS,,1980,Hebrew;English;Arabic,France,Mint,12/17,12/17/01,12.17.1.jpg;12.17.2.jpg,,
o:is_public,shirmdesign@gmail.com,Physical Object,12/17/01,4,Stamp Block,16;14,CATHEDRALE AMIENS,,1980,Hebrew;English;Arabic,France,Mint,12/17,12/17/02,12.17.3.jpg,,
o:is_public,shirmdesign@gmail.com,Physical Object,,,Stamp,15;14,Joseph And Putiphar's Wife,Art by Tintoretto . ,1972,Hebrew;English;Arabic,Fujeira,Mint,12/19,12/19/01,12.19.1.jpg,,
o:is_public,shirmdesign@gmail.com,Physical Object,,,Stamp,15;14,Joseph And Putiphar's Wife,Art by Tintoretto . ,1971,Hebrew;English;Arabic,Paraguay,Day of appearance;Mint;Used,12/19,12/19/02,12.19.2.jpg;12.19.3.jpg;12.19.2.jpg,Porto;Portugal,
o:is_public,shirmdesign@gmail.com,Physical Object,,,Stamp,15;14,Joseph Telling His Dream,Art by  Giovan Battista Langetti  ,1970,Hebrew;English;Arabic,Hungary,Day of appearance;Mint;Used,12/20,12/20/01,12.20.1.jpg;12.20.2.jpg;12.20.3.jpg,,
o:is_public,shirmdesign@gmail.com,Physical Object,,,Stamp,15;14,Ramses,green - Rameses the 2nd,1959,Hebrew;English;Arabic,Eygpt,Used,12/21,12/21/01,12.21.2.jpg,Palestine,
o:is_public,shirmdesign@gmail.com,Physical Object,,,Stamp,15;14,Ramses,purple - Rameses the 2nd,1959,Hebrew;English;Arabic,Eygpt,Mint;Used,12/21,12/21/02,12.21.1.jpg;12.21.3.jpg,Palestine,
o:is_public,shirmdesign@gmail.com,Physical Object,,,Stamp,15;14,Ramses,Rameses the 2nd,1964,Hebrew;English;Arabic,Eygpt,Mint,12/21,12/21/03,12.21.4.jpg,,
o:is_public,shirmdesign@gmail.com,Physical Object,,,Stamp,15;14,Moshe in The Bulrushes,,1994,Hebrew;English;Arabic,Israel,Mint;Day of appearance,12/23;12/24,12/23/01,12.23.1.jpg;12.23.2.jpg;12.23.3.jpg;12.24.1.jpg;12.24.5.jpg,,
o:is_public,shirmdesign@gmail.com,Physical Object,12/23/01,4,Stamp Block,16;14,Moshe in The Bulrushes,,1994,Hebrew;English;Arabic,Israel,Mint,12/23,12/23/02,12.23.4.jpg,,
o:is_public,shirmdesign@gmail.com,Physical Object,,,Stamp,15;14,Rameses the 2nd,,1979,Arabic;English,Egypt,Mint,12/24,12/24/01,12.24.3.jpg;12.24.4.jpg,,
o:is_public,shirmdesign@gmail.com,Physical Object,,,Stamp,15;14,Unknown,Unknown,Unknown,Hebrew,Israel,Mint,12/24,12/24/02,12.24.2.jpg,,
o:is_public,shirmdesign@gmail.com,Physical Object,,,Stamp,15;14,The Israeli,,2008,Hebrew;English;Arabic,Israel,Mint,12/25;12/27,12/25/01,12.25.2.jpg;12.27.2.jpg,,
o:is_public,shirmdesign@gmail.com,Physical Object,,,Stamp,15;14,Finding of Moses,Art by Tintoretto .  Series of two.,1995,English,Uganda,Mint,12/25,12/25/02,12.25.3.jpg,,
o:is_public,shirmdesign@gmail.com,Physical Object,12/25/02,,Souvenir Sheet,17;14,Finding of Moses,Art by Tintoretto .  Series of two.,1995,English,Uganda,Mint,12/25,12/25/03,12.25.4.jpg,,
o:is_public,shirmdesign@gmail.com,Physical Object,,,Stamp,15;14,"Aaron is kindness, Moses - truth","Israeli postage stamp issued in honor of the Great Jewish Austrian composer, leader of the Second Viennese School Arnold Schoenberg",1995,Hebrew;English;Arabic,Israel,Mint;Used;Day of appearance,12/26,12/26/01,12.26.2.jpg;12.26.3.jpg,,
o:is_public,shirmdesign@gmail.com,Physical Object,,,Stamp,15;14,The Amber Room,series of four,2004,Russian;English,Russia,Mint,12/27,12/27/01,12.27.1.jpg;12.27.3.jpg,,
o:is_public,shirmdesign@gmail.com,Physical Object,,,Souvenir Sheet,17;14,The Amber Room,"Florentine mosaic ""Touch and smell"", multicolor. series of four",2004,Russian;English,Russia,Mint,12/27,12/27/02,12.27.4.jpg,,
o:is_public,shirmdesign@gmail.com,Physical Object,,,Stamp,15;14,Rameses the 2nd,,1922,Arabic;English,Egypt,Mint;Used,12/29,12/29/01,12.29.1.jpg;12.29.2.jpg;12.29.3.jpg,,
o:is_public,shirmdesign@gmail.com,Physical Object,,,Stamp,15;14,Save The Monuments Of Nubia Unesco,series of four,1964,English,Indonesia,Mint,12/29,12/29/02,12.29.4.jpg,,
o:is_public,shirmdesign@gmail.com,Physical Object,,,Stamp,15;14,Save The Monuments Of Nubia Unesco,series of four,1964,English,Indonesia,Mint,12/29,12/29/03,12.29.5.jpg,,
o:is_public,shirmdesign@gmail.com,Physical Object,,,Stamp,15;14,Save The Nubian Monuments Maldive Islands ,series of eight,1965,English,Maldive Islands ,Mint,12/29,12/29/04,12.29.6.jpg,,
o:is_public,shirmdesign@gmail.com,Physical Object,,,Stamp,15;14,Save The Nubian Monuments Maldive Islands ,series of eight,1965,English,Maldive Islands ,Mint,12/29,12/29/05,12.29.7.jpg,,
o:is_public,shirmdesign@gmail.com,Physical Object,,,Stamp,15;14,Save The Nubian Monuments Maldive Islands ,series of eight,1965,English,Maldive Islands ,Mint,12/29,12/29/06,12.29.8.jpg,,
o:is_public,shirmdesign@gmail.com,Physical Object,,,Stamp,15;14,Save The Nubian Monuments Maldive Islands ,series of eight,1965,English,Maldive Islands ,Mint,12/29,12/29/07,12.29.9.jpg,,
o:is_public,shirmdesign@gmail.com,Physical Object,,,Stamp,15;14,"MOSES And The Bush was Not Consumed, KKL",Jewish National Fund. Series of Six. Design by Asher Kalderon,1988,English;Hebrew,Israel,Mint,14/02,14/02/01,14.2.1.jpg,,
o:is_public,shirmdesign@gmail.com,Physical Object,,,Stamp,15;14,"MOSES And The Bush was Not Consumed, KKL",Jewish National Fund. Series of Six. Design by Asher Kalderon,1988,Hebrew;English,Israel,Mint,14/02,14/02/02,14.2.2.jpg,,
o:is_public,shirmdesign@gmail.com,Physical Object,,,Stamp,15;14,Happy Holidays -And The Bush was Not Consumed,design by A. Glazer,1981,Hebrew;English;Arabic,Israel,Mint,14/02,14/02/03,14.2.3.jpg;14.2.4.jpg,,
o:is_public,shirmdesign@gmail.com,Physical Object,14/02/03,4,Stamp Block,16;14,Happy Holidays -And The Bush was Not Consumed,design by A. Glazer,1981,Hebrew;English;Arabic,Israel,Mint,14/02,14/02/04,14.2.5.jpg,,
o:is_public,shirmdesign@gmail.com,Physical Object,,,Stamp,15;14,Israel and AMALEK,designed by Eli Carmel,1999,Hebrew;English;Arabic,Israel,Used;Day of appearance,14/04,14/04/01,14.4.2.jpg,,
o:is_public,shirmdesign@gmail.com,Physical Object,14/04/01,4,Stamp Block,16;14,Israel and AMALEK,designed by Eli Carmel,1999,Hebrew;English;Arabic,Israel,Mint,14/04,14/04/02,14.4.1.jpg,,
o:is_public,shirmdesign@gmail.com,Physical Object,,,Stamp,15;14,Walked on dry ground through the sea,CHILDREN DRAW BIBLE STORIES,1994,Hebrew;English;Arabic,Israel,Mint;Used;Day of appearance,14/07,14/07/01,14.7.2.jpg;14.7.3.jpg,,
o:is_public,shirmdesign@gmail.com,Physical Object,14/07/01,,Souvenir Sheet,17;14,Walked on dry ground through the sea,CHILDREN DRAW BIBLE STORIES,1994,Hebrew;English;Arabic,Israel,Mint,14/07,14/07/02,14.7.1.jpg,,
o:is_public,shirmdesign@gmail.com,Physical Object,,,Stamp,15;14,Moses and The Burning Bush,Art by Domenichino,Unknown,English,Tanzania,Mint,14/08,14/8/01,14.8.1.jpg,,
o:is_public,shirmdesign@gmail.com,Physical Object,,,Stamp,15;14,The Ten Commandment,series of eleven,1971,Spanish,Nicaragua,Mint,14/08,14/8/02,14.8.3.jpg,,
o:is_public,shirmdesign@gmail.com,Physical Object,,,Stamp,15;14,The Burning Bush,Art by Nicola Froment,1975,French;English,Cameroon,Mint,14/08,14/8/03,14.8.2.jpg,,
o:is_public,shirmdesign@gmail.com,Physical Object,,,Stamp,15;14,100th anniversary chagall,Art by Marc Chagall,Unknown,English,Grenada,Mint,14/08,14/8/04,14.8.5.jpg,,
o:is_public,shirmdesign@gmail.com,Physical Object,,,Stamp,15;14,Ten Commandments,series of ten,1982,English,Togo,Mint,14/08,14/8/05,14.8.4.jpg;14.8.6.jpg,,
o:is_public,shirmdesign@gmail.com,Physical Object,,,Souvenir Sheet,17;14,Ten Commandments Movie ,,1994,French,Mali,Mint,14/09,14/09/01,14.9.1.jpg;14.9.2.jpg,,
o:is_public,shirmdesign@gmail.com,Physical Object,,,Souvenir Sheet,17;14,Parting Of The Red Sea,Moses leads the Israelites out of slavery in Egypt. 24 stamps sheet.,1994,English,Guyana,Mint,14/11,14/11/01,14.11.1.jpg,,
o:is_public,shirmdesign@gmail.com,Physical Object,,,Stamp,15;14,500th Anniversary of The Birth of Michelangelo Bounarroti, Art by Michelangelo Bounarroti. Series of eight,1975,Spanish,Paraguay,Mint,08/01,08/01/01,08.01.1.jpg,Porto;Portugal,
o:is_public,shirmdesign@gmail.com,Physical Object,,,Stamp,15;14,Michelangelo 1475-1564,500th Birth Anniversary of Michelangelo. Art by Michelangelo. Series of three,1975,Italian,Italy,Mint,08/01,08/01/02,08.01.3.jpg,Rome,
o:is_public,shirmdesign@gmail.com,Physical Object,,,Stamp,15;14,Michelangelo, Art by Michelangelo,1985,Khmer,Kampuchea,Mint,08/01,08/01/03,08.01.2.jpg,,
o:is_public,shirmdesign@gmail.com,Physical Object,,2,Stamp Block,16;14,Citta Del Vaticano, Art by Michelangelo,1994,Italian,Vatican,Mint,08/01,08/01/04,08.01.4.jpg,,
o:is_public,shirmdesign@gmail.com,Physical Object,,,Stamp,15;14,Republique democratique du Congo, Art by Michelangelo,2003,French,Congo,Mint,08/01,08/01/05,08.01.5.jpg,,
o:is_public,shirmdesign@gmail.com,Physical Object,,,Stamp,15;14,Guinea-Bissau, Art by Michelangelo,2001,English,Guinea-Bissau,Mint,08/01,08/01/06,08.01.6.jpg,,
o:is_public,shirmdesign@gmail.com,Physical Object,,,Stamp,15;14,Happy Holidays - THE ARK FLOATED,Desined by Davis Gerbo.  Series of Five,1969,Hebrew;English;Arabic,Israel,Mint,08/02,08/02/01,08.02.1.jpg,,
o:is_public,shirmdesign@gmail.com,Physical Object,,,Stamp,15;14,Happy Holidays - MAKE YOURSELF AN ARK ,Desined by Davis Gerbo.  Series of Five,1969,Hebrew;English;Arabic,Israel,Mint,08/02,08/02/02,08.02.2.jpg,,
o:is_public,shirmdesign@gmail.com,Physical Object,,,Stamp,15;14,Happy Holidays - INTO THE ARK ,Desined by Davis Gerbo.  Series of Five,1969,Hebrew;English;Arabic,Israel,Mint,08/02,08/02/03,08.02.3.jpg,,
o:is_public,shirmdesign@gmail.com,Physical Object,,,Stamp,15;14,Happy Holidays - THEN HE SENT FORTH A DOVE ,Desined by Davis Gerbo.  Series of Five,1969,Hebrew;English;Arabic,Israel,Mint,08/02,08/02/04,08.02.4.jpg,,
o:is_public,shirmdesign@gmail.com,Physical Object,,,Stamp,15;14,Happy Holidays - BOW IS SEEN ,Desined by Davis Gerbo.  Series of Five,1969,Hebrew;English;Arabic,Israel,Mint,08/02,08/02/05,08.02.5.jpg,,
o:is_public,shirmdesign@gmail.com,Physical Object,,,Stamp,15;14,UNIONE POSTALE UNIVERSALE,,1974,Italian,Vatican,Mint;Used,08/03,08/03/01,8.3.1.jpg;8.3.4,Rome,
o:is_public,shirmdesign@gmail.com,Physical Object,,,Stamp,15;14,The joy of Europe,,1973,Bosnian,Yugoslavia,Mint,08/03,08/03/02,8.3.2.jpg,,
o:is_public,shirmdesign@gmail.com,Physical Object,,,Stamp,15;14,Noe,Design Chosen through Worldwide Youth Competition,1974,Italian,Vatican,Mint,08/03,08/03/03,8.3.3.jpg,Rome,
o:is_public,shirmdesign@gmail.com,Physical Object,,,Stamp,15;14,POUR VENICE UNESCO,Depict mosaics from St Mark's Basilica in Venice. Series of three,1972,French,Dahomey,Mint,08/03,08/03/05,8.3.5.jpg,Venice,
o:is_public,shirmdesign@gmail.com,Physical Object,,,Souvenir Sheet,17;14,The Animals of Noah's Ark ,Three stamps - Part of 25pcs stamps sheet,1997,English,Liberia,Mint,08/04,08/04/01,8.4.1.jpg,,
o:is_public,shirmdesign@gmail.com,Physical Object,,,Stamp,15;14,Flood,,1995,Italian,Italy,Mint,08/04,08/04/02,8.4.2.jpg,Rome,
o:is_public,shirmdesign@gmail.com,Physical Object,,,Souvenir Sheet,17;14,Noah's Ark Black-legged Kittiwake,,1998,English,Liberia,Mint,08/04,08/04/03,8.4.3.jpg,,
o:is_public,shirmdesign@gmail.com,Physical Object,,,Stamp,15;14,Day of The Letter,,1998,French,France,Mint,08/04,08/04/04,8.4.4.jpg,,
o:is_public,shirmdesign@gmail.com,Physical Object,,,Stamp,15;14,Search For Peace,Lions Internatilnal,1967,English,United States,Used;Day of appearance;Mint,08/05,08/05/01,8.5.1.jpg;8.17.5.jpg,,
o:is_public,shirmdesign@gmail.com,Physical Object,,,Stamp,15;14,Halley's Comet,Series of Four,1986,English,Bhutan,Mint,08/05,08/05/02,8.5.2.jpg,,
o:is_public,shirmdesign@gmail.com,Physical Object,,,Stamp,15;14,The Soviet World Fund celebrates 25th,,1986,Russian;French,Moscow,Used;Day of appearance,08/05,08/05/03,8.5.3.jpg,,
o:is_public,shirmdesign@gmail.com,Physical Object,,,Stamp,15;14,Finland : Music Year     ,"Depicting Children Playing Recorders and ""Ramus Virens Olivarum"" Musical Score, Cathedral Columns and Doves. Sereis fo two",1985,English,Finland ,Mint,08/05,08/05/04,8.5.4.jpg,,
o:is_public,shirmdesign@gmail.com,Physical Object,,,Stamp,15;14,April's 25th,Armed forces movement. Series of three,1974,Portuguese,Portugal,Mint,08/07,08/07/01,8.7.1.jpg,,
o:is_public,shirmdesign@gmail.com,Physical Object,,,Stamp,15;14,April's 25th,Armed forces movement. Series of three,1974,Portuguese,Portugal,Mint,08/07,08/07/02,8.7.2.jpg,,
o:is_public,shirmdesign@gmail.com,Physical Object,,,Stamp,15;14,April's 25th,Armed forces movement. Series of three,1974,Portuguese,Portugal,Mint,08/07,08/07/03,8.7.3.jpg,,
o:is_public,shirmdesign@gmail.com,Physical Object,,,Stamp,15;14,The Dove in The Rainbow,Art by Pablo Picasso,1981,French;Arabic,Comoros,Mint,08/07,08/07/04,8.7.4.jpg,,
o:is_public,shirmdesign@gmail.com,Physical Object,,,Stamp,15;14,United Nations: DOVE,UNO United Nations,1976,English,New York,Mint,08/07,08/07/05,8.7.5.jpg,,
o:is_public,shirmdesign@gmail.com,Physical Object,,,Stamp,15;14,25th Anniversary UN,"UN (United Nations), 25th Anniversary",1970,English,Trinidad and Tobago,Mint,08/07,08/07/06,8.7.6.jpg;8.7.7.jpg,,
o:is_public,shirmdesign@gmail.com,Physical Object,,,Stamp,15;14,The Building Of Noah's Ark,Art by Guido Reni,1998,English,Sierra Leone,Mint,08/10,08/10/01,8.10.1.jpg,,
o:is_public,shirmdesign@gmail.com,Physical Object,,,Stamp,15;14,500TH Birth Anniversary of Raphael,Construction of the Ark. Series of four.,1983,English;Spanish,Grenada,Mint,08/10,08/10/02,8.10.2.jpg,,
o:is_public,shirmdesign@gmail.com,Physical Object,,,Souvenir Sheet,17;14,Treasures of The Hermitage,"Celecrating 300 years of S. Petersburg.  The Building Of Noah's Ark, Art by Guido Reni",Unknown,English,Grenada,Mint,08/10,08/10/03,8.10.3.jpg,,
o:is_public,shirmdesign@gmail.com,Physical Object,,,Souvenir Sheet,17;14,Noah's Ark,Desigend by Aaron Shebo.  6 stamps sheet,2007,Hebrew;English;Arabic,Israel,Mint,08/13,08/13/01,8.13.1.jpg,,
o:is_public,shirmdesign@gmail.com,Physical Object,,4,Stamp Block,16;14,Republic of Tuva. Russian Federation,,Unknown,Russian,Tuva,Mint,08/14,08/14/01,8.14.1.jpg,,
o:is_public,shirmdesign@gmail.com,Physical Object,,,Souvenir Sheet,17;14,The Animals of Noah's Ark ,Single stamp - Part of 25pcs stamps sheet,1997,English,Liberia,Mint,08/14,08/14/02,8.14.2.jpg,,
o:is_public,shirmdesign@gmail.com,Physical Object,,,Souvenir Sheet,17;14,The Animals of Noah's Ark ,Single stamp - Part of 25pcs stamps sheet,1997,English,Liberia,Mint,08/14,08/14/03,8.14.3.jpg,,
o:is_public,shirmdesign@gmail.com,Physical Object,,,Souvenir Sheet,17;14,Noah's Ark ,,1997,English;Russian;Georgian,Batumi ,Mint,08/14,08/14/04,8.14.4.jpg,,
o:is_public,shirmdesign@gmail.com,Physical Object,,,Souvenir Sheet,17;14,Save The World's Wildlife,12 stamps sheet,1987,English,Tonga,Mint,08/16,08/16/01,8.16.1.jpg,,
o:is_public,shirmdesign@gmail.com,Physical Object,,,Stamp,15;14,Peace in Europe ,,1985,English,Guernsey,Mint,08/17,08/17/01,8.17.1.jpg,,
o:is_public,shirmdesign@gmail.com,Physical Object,,,Stamp,15;14,United Nations: DOVE,to Unite Our Strength.  UN - New York,1976,English,New York,Mint,08/17,08/17/02,8.17.2.jpg,,
o:is_public,shirmdesign@gmail.com,Physical Object,,,Stamp,15;14,World meeting of Peace Builders,Warsaw,1977,Polish,Poland,Mint,08/17,08/17/03,8.17.3.jpg,Warsaw,
o:is_public,shirmdesign@gmail.com,Physical Object,,,Stamp,15;14,Happy Holidays - Peace,Design by Asher Kalderon,1976,Hebrew;English;Arabic,Israel,Mint,08/17,08/17/04,8.17.4.jpg,,
o:is_public,shirmdesign@gmail.com,Physical Object,,,Stamp,15;14,Revenue,Symbols Of Peace And Industry,1946,English,England,Mint,08/17,08/17/05,8.17.6.jpg,,
o:is_public,shirmdesign@gmail.com,Physical Object,,2,Stamp Block,16;14,Christmas Island ,Christmas island indian ocean,1976,English,Australia,Mint,08/17,08/17/06,8.17.7.jpg,,
o:is_public,shirmdesign@gmail.com,Physical Object,,2,Stamp Block,16;14,Christmas Island ,Christmas island indian ocean,1976,English,Australia,Mint,08/17,08/17/07,8.17.8.jpg,,
o:is_public,shirmdesign@gmail.com,Physical Object,,,Stamp,15;14,Postage stamp: Deutsche Post,Sries of Four,1947,German,Germany,Mint,08/18,08/18/01,8.18.2.jpg,,
o:is_public,shirmdesign@gmail.com,Physical Object,,,Stamp,15;14,Nippon,,1978,Japanese,Japan,Mint,08/20,08/20/01,8.20.1.jpg;8.20.3.jpg,,
o:is_public,shirmdesign@gmail.com,Physical Object,,,Stamp,15;14,Arbor Day,Design by Asher Kalderon.  Series of three.,1975,Hebrew;English;Arabic,Israel,Mint,08/20,08/20/02,8.20.2.jpg,,
o:is_public,shirmdesign@gmail.com,Physical Object,,,Stamp,15;14,Greece,World refugee,1960,Greek,Greece,Mint,08/20,08/20/03,8.20.4.jpg,Vietnam,
o:is_public,shirmdesign@gmail.com,Physical Object,,,Stamp,15;14,Peace in Vietnam,Symbol of peaceful Work,1973,Bulgarian,Bulgaria,Mint,08/20,08/20/04,8.20.5.jpg,Vietnam,
o:is_public,shirmdesign@gmail.com,Physical Object,,,Stamp,15;14,150th anniversary of the U.S. Constitution,"The stamp showed Revolutionary War hero Gen. Tadeusz Kosciuszko, Thomas Paine and George Washington as well as a modern view of New York City",1938,Polish,Poland,Mint,08/20,08/20/05,8.20.6.jpg,United States,
o:is_public,shirmdesign@gmail.com,Physical Object,,,Stamp,15;14,Victory of the Allies Series - Peace,PAZ,1945,Portuguese,Brazil,Mint,08/20,08/20/06,8.20.7.jpg,,
o:is_public,shirmdesign@gmail.com,Physical Object,,,Stamp,15;14,United Nations Conference on Human Settlements,,1976,Spanish,Mexico,Mint,08/20,08/20/07,8.20.8.jpg,,
o:is_public,shirmdesign@gmail.com,Physical Object,,4,Stamp Block,16;14,Republic of Tuva. Russian Federation,,Unknown,Russian,Tuva,Mint,08/22,08/22/01,8.22.1.jpg,,
o:is_public,shirmdesign@gmail.com,Physical Object,,,Stamp,15;14,Noah's dove from Jerash,Desinged by Otte Wallish,1950,Hebrew;English;Arabic,Israel,Mint,08/26,08/26/01,8.26.1.jpg;8.26.2.jpg,,
o:is_public,shirmdesign@gmail.com,Physical Object,08/26/01,6,Stamp Block,16;14,Noah's dove from Jerash,Desinged by Otte Wallish,1950,Hebrew;English;Arabic,Israel,Mint,08/26,08/26/02,8.26.3.jpg,,
o:is_public,shirmdesign@gmail.com,Physical Object,,,Stamp,15;14,"The ""G"" Rate Make Up Stamp",,1994,English,United States,Mint,08/26,08/26/03,8.26.4.jpg,,
o:is_public,shirmdesign@gmail.com,Physical Object,,,Stamp,15;14,The first stamps issued by the new Republic of Armenia ,,1992,Armenian;English,Armenia,Mint,08/27,08/27/01,8.27.5.jpg,,
o:is_public,shirmdesign@gmail.com,Physical Object,,,Stamp,15;14,The first stamps issued by the new Republic of Armenia ,,1992,Armenian;English,Armenia,Mint,08/27,08/27/02,8.27.6.jpg,,
o:is_public,shirmdesign@gmail.com,Physical Object,,,Stamp,15;14,The first stamps issued by the new Republic of Armenia ,,1992,Armenian;English,Armenia,Mint,08/27,08/27/03,8.27.7.jpg,,
o:is_public,shirmdesign@gmail.com,Physical Object,,,Souvenir Sheet,17;14,The first stamps issued by the new Republic of Armenia ,,1992,Armenian;English,Armenia,Mint,08/27,08/27/04,8.27.2.jpg,,
o:is_public,shirmdesign@gmail.com,Physical Object,,,Stamp,15;14,500 ruble stamp of the First Essayan issue,Ararat  Mountain,1921,Armenian,Armenia,Mint,08/28,08/28/01,8.28.3.jpg;8.28.5.jpg;8.28.7.jpg,,
o:is_public,shirmdesign@gmail.com,Physical Object,,,Stamp,15;14,Armenia National Symbols,Ararat  Mountain,1921,Armenian,Armenia,Mint,08/28,08/28/02,8.28.2.jpg;8.28.4.jpg,,
o:is_public,shirmdesign@gmail.com,Physical Object,,,Stamp,15;14,Armenia National Symbols,Ararat  Mountain,1922,Armenian,Armenia,Mint,08/28,08/28/03,8.28.6.jpg,,
o:is_public,shirmdesign@gmail.com,Physical Object,,,Souvenir Sheet,17;14,Noah's Ark,"Stamps are from the island nation of St Vincent, in the West Indies.  25 stamps sheet",1989,English,Saint Vincent,Mint,08/28,08/28/04,8.28.1.jpg,,
o:is_public,shirmdesign@gmail.com,Physical Object,,,Stamp,15;14,Mount Ararat,"Seris of 5 stamps prepared in 1920, but not issued for postal use, though some were used fiscally.",1920,Armenian,Armenia,Mint,08/29,08/29/01,8.29.3.jpg;8.29.7.jpg,,
o:is_public,shirmdesign@gmail.com,Physical Object,,,Stamp,15;14,Mount Ararat,"Seris of 5 stamps prepared in 1920, but not issued for postal use, though some were used fiscally.",1920,Armenian,Armenia,Mint,08/29,08/29/02,8.29.1.jpg;8.29.8.jpg,,
o:is_public,shirmdesign@gmail.com,Physical Object,,,Stamp,15;14,Mount Ararat,"Seris of 5 stamps prepared in 1920, but not issued for postal use, though some were used fiscally.",1920,Armenian,Armenia,Mint,08/29,08/29/03,8.29.5.jpg,,
o:is_public,shirmdesign@gmail.com,Physical Object,,,Stamp,15;14,Mount Ararat,"Seris of 5 stamps prepared in 1920, but not issued for postal use, though some were used fiscally.",1920,Armenian,Armenia,Mint,08/29,08/29/04,8.29.6.jpg,,
o:is_public,shirmdesign@gmail.com,Physical Object,,,Stamp,15;14,Armenia National Symbols,Ararat  Mountain,1922,Armenian,Armenia,Mint,08/29,08/29/05,8.29.2.jpg,,
